<?xml version="1.0" encoding="UTF-8"?>
<project-private xmlns="http://www.netbeans.org/ns/project-private/1">
    <editor-bookmarks xmlns="http://www.netbeans.org/ns/editor-bookmarks/2" lastBookmarkId="0"/>
    <open-files xmlns="http://www.netbeans.org/ns/projectui-open-files/2">
        <group>
            <file>file:/C:/Users/Giovanna%20Gabrielle/Desktop/EcoMobi/src/ecomobi/TelaLogin.java</file>
            <file>file:/C:/Users/Giovanna%20Gabrielle/Desktop/EcoMobi/src/ecomobi/TelaPrincipal.java</file>
            <file>file:/C:/Users/Giovanna%20Gabrielle/Desktop/EcoMobi/src/ecomobi/TelaRegistrarTrajeto.java</file>
            <file>file:/C:/Users/Giovanna%20Gabrielle/Desktop/EcoMobi/src/conexao/ConexaoMySQL.java</file>
            <file>file:/C:/Users/Giovanna%20Gabrielle/Desktop/EcoMobi/src/ecomobi/TelaVerTrajetos.java</file>
            <file>file:/C:/Users/Giovanna%20Gabrielle/Desktop/EcoMobi/src/ecomobi/EcoMobi.java</file>
        </group>
    </open-files>
</project-private>
